{
  "Molecule": {
    "2elIntegrals": [
      [
        0,
        0,
        0,
        0,
        0.5933370200469783
      ],
      [
        1,
        0,
        1,
        0,
        0.1017954946446383
      ],
      [
        2,
        0,
        2,
        0,
        0.1017954946446383
      ],
      [
        3,
        0,
        3,
        0,
        0.1017954946446383
      ],
      [
        1,
        1,
        0,
        0,
        0.5333471776549537
      ],
      [
        2,
        2,
        0,
        0,
        0.5333471776549537
      ],
      [
        3,
        3,
        0,
        0,
        0.5333471776549537
      ],
      [
        1,
        1,
        1,
        1,
        0.548092048690361
      ],
      [
        2,
        1,
        2,
        1,
        0.03037365143721721
      ],
      [
        2,
        2,
        1,
        1,
        0.48734474581592657
      ],
      [
        2,
        2,
        2,
        2,
        0.548092048690361
      ],
      [
        3,
        1,
        3,
        1,
        0.03037365143721721
      ],
      [
        3,
        2,
        3,
        2,
        0.03037365143721721
      ],
      [
        3,
        3,
        1,
        1,
        0.48734474581592657
      ],
      [
        3,
        3,
        2,
        2,
        0.48734474581592657
      ],
      [
        3,
        3,
        3,
        3,
        0.548092048690361
      ]
    ],
    "Atoms": [
      {
        "Basis": [
          {
            "Coefficients": [
              0.0004408412532684892,
              0.0037958796250909537,
              0.01814414173086971,
              0.08006362986942628,
              0.20745085562019694,
              0.27884544033924225,
              0.30132800329845516,
              0.30672169351693507
            ],
            "Exponents": [
              309.10075234,
              47.28582571,
              10.6536697,
              2.94951106,
              0.93425179,
              0.37324127,
              0.17858068,
              0.0545854
            ],
            "Shell": "s"
          },
          {
            "Coefficients": [
              0.2244761287713317,
              0.869351021976083
            ],
            "Exponents": [
              1.37781284,
              0.28744009
            ],
            "Shell": "p"
          }
        ],
        "Coords": [
          0.0,
          0.0,
          0.0
        ],
        "ElementLabel": "H",
        "ElementNumber": 1,
        "Idx": 0,
        "NuclearCharge": 1.0
      }
    ],
    "BaseName": "hf",
    "Charge": 0,
    "CoordinateUnits": "Angs",
    "HFTyp": "UHF",
    "Multiplicity": 2,
    "PointGroup": "C1"
  },
  "ORCA Header": {
    "Date": "2023-02-09 20:57:20 +0100",
    "Git": "d6534dc28",
    "Version": "5.0 - current"
  }
}
